<?xml version="1.0" encoding="UTF-8"?>
<project-private xmlns="http://www.netbeans.org/ns/project-private/1">
    <editor-bookmarks xmlns="http://www.netbeans.org/ns/editor-bookmarks/2" lastBookmarkId="0"/>
    <open-files xmlns="http://www.netbeans.org/ns/projectui-open-files/2">
        <group>
            <file>file:/C:/Users/rafli/OneDrive/Documents/NetBeansProjects/Farwas/src/farwas/MenuTransaksi.java</file>
            <file>file:/C:/Users/rafli/OneDrive/Documents/NetBeansProjects/Farwas/src/farwas/DataSupplier.java</file>
            <file>file:/C:/Users/rafli/OneDrive/Documents/NetBeansProjects/Farwas/src/farwas/Connect.java</file>
            <file>file:/C:/Users/rafli/OneDrive/Documents/NetBeansProjects/Farwas/src/farwas/Pembelian.java</file>
            <file>file:/C:/Users/rafli/OneDrive/Documents/NetBeansProjects/Farwas/src/farwas/Kasir.java</file>
            <file>file:/C:/Users/rafli/OneDrive/Documents/NetBeansProjects/Farwas/src/farwas/DataUser.java</file>
        </group>
    </open-files>
</project-private>
